Datetime,Water Level (m)
2025-03-30 18:00:00,1.0726963
2025-03-30 19:00:00,0.6015712
2025-03-30 20:00:00,0.052543446
2025-03-30 21:00:00,-0.49526596
2025-03-30 22:00:00,-0.9909525
2025-03-30 23:00:00,-1.4813505
2025-03-31 00:00:00,-1.6864691
2025-03-31 01:00:00,-1.3493868
2025-03-31 02:00:00,-0.63300717
2025-03-31 03:00:00,0.07850131
2025-03-31 04:00:00,0.807557
2025-03-31 05:00:00,1.2124237
2025-03-31 06:00:00,1.2834444
2025-03-31 07:00:00,0.9546493
2025-03-31 08:00:00,0.3711893
2025-03-31 09:00:00,-0.18810147
2025-03-31 10:00:00,-0.7029772
2025-03-31 11:00:00,-1.2003434
2025-03-31 12:00:00,-1.4486228
2025-03-31 13:00:00,-1.3136264
2025-03-31 14:00:00,-0.67429143
2025-03-31 15:00:00,-0.0943071
2025-03-31 16:00:00,0.5864414
2025-03-31 17:00:00,1.035563
2025-03-31 18:00:00,1.1480197
2025-03-31 19:00:00,0.8877256
2025-03-31 20:00:00,0.336049
2025-03-31 21:00:00,-0.2174943
2025-03-31 22:00:00,-0.73724985
2025-03-31 23:00:00,-1.2207338
2025-04-01 00:00:00,-1.5295304
2025-04-01 01:00:00,-1.5277511
2025-04-01 02:00:00,-0.917488
2025-04-01 03:00:00,-0.34063086
2025-04-01 04:00:00,0.31102103
2025-04-01 05:00:00,0.92489314
2025-04-01 06:00:00,1.2145581
2025-04-01 07:00:00,1.1617296
2025-04-01 08:00:00,0.7447306
2025-04-01 09:00:00,0.19011587
2025-04-01 10:00:00,-0.3478967
2025-04-01 11:00:00,-0.81001437
2025-04-01 12:00:00,-1.1752595
2025-04-01 13:00:00,-1.3295105
2025-04-01 14:00:00,-0.97339463
2025-04-01 15:00:00,-0.422899
2025-04-01 16:00:00,0.11465913
2025-04-01 17:00:00,0.67218447
2025-04-01 18:00:00,0.9548942
2025-04-01 19:00:00,0.92956144
2025-04-01 20:00:00,0.5636591
2025-04-01 21:00:00,0.0586204
2025-04-01 22:00:00,-0.44658208
2025-04-01 23:00:00,-0.9156138
2025-04-02 00:00:00,-1.2708105
2025-04-02 01:00:00,-1.4754441
2025-04-02 02:00:00,-1.2794812
2025-04-02 03:00:00,-0.7122505
2025-04-02 04:00:00,-0.13846232
2025-04-02 05:00:00,0.485532
2025-04-02 06:00:00,0.9200464
2025-04-02 07:00:00,1.0804739
2025-04-02 08:00:00,0.9253852
2025-04-02 09:00:00,0.4767635
2025-04-02 10:00:00,-0.011047035
2025-04-02 11:00:00,-0.47464487
2025-04-02 12:00:00,-0.8555755
2025-04-02 13:00:00,-1.1211046
2025-04-02 14:00:00,-1.1314954
2025-04-02 15:00:00,-0.7166965
2025-04-02 16:00:00,-0.2646681
2025-04-02 17:00:00,0.19024768
2025-04-02 18:00:00,0.5865054
2025-04-02 19:00:00,0.7357556
2025-04-02 20:00:00,0.6094569
2025-04-02 21:00:00,0.2218391
2025-04-02 22:00:00,-0.20750329
2025-04-02 23:00:00,-0.6405634
2025-04-03 00:00:00,-0.99371505
2025-04-03 01:00:00,-1.3331388
2025-04-03 02:00:00,-1.2885633
2025-04-03 03:00:00,-0.91866183
2025-04-03 04:00:00,-0.4724305
2025-04-03 05:00:00,0.021410188
2025-04-03 06:00:00,0.5172529
2025-04-03 07:00:00,0.7937206
2025-04-03 08:00:00,0.84651095
2025-04-03 09:00:00,0.6511668
2025-04-03 10:00:00,0.2684063
2025-04-03 11:00:00,-0.13093588
2025-04-03 12:00:00,-0.5080607
2025-04-03 13:00:00,-0.79477924
2025-04-03 14:00:00,-0.9403976
2025-04-03 15:00:00,-0.84589267
2025-04-03 16:00:00,-0.4895106
2025-04-03 17:00:00,-0.13318811
2025-04-03 18:00:00,0.24620584
2025-04-03 19:00:00,0.45460427
2025-04-03 20:00:00,0.47149947
2025-04-03 21:00:00,0.2991168
2025-04-03 22:00:00,-0.009406879
2025-04-03 23:00:00,-0.34183174
2025-04-04 00:00:00,-0.6744293
2025-04-04 01:00:00,-0.9156358
2025-04-04 02:00:00,-1.0580968
2025-04-04 03:00:00,-0.98717713
2025-04-04 04:00:00,-0.6808859
2025-04-04 05:00:00,-0.3104043
2025-04-04 06:00:00,0.07355091
2025-04-04 07:00:00,0.43089893
2025-04-04 08:00:00,0.6148547
2025-04-04 09:00:00,0.61191905
2025-04-04 10:00:00,0.43161118
2025-04-04 11:00:00,0.14963476
2025-04-04 12:00:00,-0.15046218
2025-04-04 13:00:00,-0.42852023
2025-04-04 14:00:00,-0.63333863
2025-04-04 15:00:00,-0.71596676
2025-04-04 16:00:00,-0.65895003
2025-04-04 17:00:00,-0.4460792
2025-04-04 18:00:00,-0.1919114
2025-04-04 19:00:00,0.07350035
2025-04-04 20:00:00,0.23321551
2025-04-04 21:00:00,0.23115155
2025-04-04 22:00:00,0.08958776
2025-04-04 23:00:00,-0.1225685
2025-04-05 00:00:00,-0.34948742
2025-04-05 01:00:00,-0.5523572
2025-04-05 02:00:00,-0.693796
2025-04-05 03:00:00,-0.7500146
2025-04-05 04:00:00,-0.6642207
2025-04-05 05:00:00,-0.45393437
2025-04-05 06:00:00,-0.21148668
2025-04-05 07:00:00,0.06365334
2025-04-05 08:00:00,0.29100788
2025-04-05 09:00:00,0.42481226
2025-04-05 10:00:00,0.4503215
2025-04-05 11:00:00,0.38477063
2025-04-05 12:00:00,0.235312
2025-04-05 13:00:00,0.02015712
2025-04-05 14:00:00,-0.21476527
2025-04-05 15:00:00,-0.43160436
2025-04-05 16:00:00,-0.58360744
2025-04-05 17:00:00,-0.6160439
2025-04-05 18:00:00,-0.5162322
